id,uuid
Q5715984,069c61d9-e17f-46aa-aba9-1b255e3166e5
Q2269243,10995076-8cb9-43a8-b1e0-ed1af900ed70
Q2356536,1ab91134-5837-430d-855d-6acfdce78d86
Q2160406,25ac9df5-73ca-446b-8bc3-d91b80b7909b
Q4982779,2c5d2e49-268b-49a6-990c-d77d14c2f5ad
Q2270143,3392297b-d394-4b04-a858-3738b2931335
Q2160390,36915827-7b54-4f98-8f0a-a54db2a41136
Q4346870,3fdb5680-ddd6-4c06-a199-6a3a76327ece
Q2269658,4519dd08-5c45-4324-a257-591aaa03c3e8
Q16990321,5049236d-df09-43ab-a843-b9c910603479
Q2160411,5b06a945-d7f3-4290-8794-9372273aa22c
Q451038,6338f4dd-223b-4900-8cf7-d632eaabdb0e
Q11880849,73c20499-0d12-4409-b430-1ae222d6bc4c
Q16983862,74f795c8-c159-4c18-b2e5-bfbf58502c29
Q16171417,7bcba90d-f015-4ea3-9243-eb1619719f61
Q713308,7e3b4661-2fe0-4f15-9970-86b98701dee1
Q4354530,7efe27f8-e3a4-4ac2-8daf-f49bdca45ab9
Q2269253,884b6d85-564f-4f43-9e37-d5306e241cc5
Q5717272,91e57380-374c-4173-b318-ac2fb765a5fc
Q2160820,9969d9d7-ab81-4ab0-bd80-35e4c21d5b22
Q2270153,9dbf37cd-1a94-47f5-93ac-b7de0e34083b
Q11893732,9fbcb798-95de-44a8-ae21-b8c42eb21f27
Q3371504,a4194905-b544-441b-a58f-7d92681398cf
Q11882586,a41f0372-a0b2-422a-b9f5-a04698a8205e
Q2378990,a539ff7e-cc05-4dfe-b068-a5969a0d9538
Q2160284,b7892b68-4297-47ca-a4fa-00f343925655
Q2270164,b7fae283-e2ae-4f24-b071-473db127ed2b
Q11903305,c074f156-4e82-43ea-a999-2333b7b0f75c
Q2269671,c1735663-4615-4bd7-bac6-68f206835bf3
Q5979988,c2e677f9-7320-45b6-88a4-32ef42ff1acc
Q4354820,d7a8d7c9-9019-4db4-8039-0941b7ab9e1a
Q2160399,dd1cba32-c84c-4563-88a0-cb724a62ffce
Q4934081,e3aab23e-a883-4763-be0d-92e5936024e2
Q11899437,e57828f1-e51a-41ea-a61b-7fc1b92e2b37
Q11862362,e6f6e01b-bcb0-4374-8912-7e1eaf492f10
Q11859772,ed4838aa-19f8-493c-b8c4-58780b5b0d84
Q2114213,f4f995ae-126c-468f-8f26-deec1e26adc2
Q2269648,fe40bb08-5025-473d-af52-bf1e30ecc5e6